[
    {
        "model": "warehouse.brand",
        "pk": 1,
        "fields": {
            "name": "apple"
        }
    },
    {
        "model": "warehouse.brand",
        "pk": 2,
        "fields": {
            "name": "dell"
        }
    },
    {
        "model": "warehouse.brand",
        "pk": 3,
        "fields": {
            "name": "lenovo"
        }
    },
    {
        "model": "warehouse.brand",
        "pk": 4,
        "fields": {
            "name": "hp"
        }
    },
    {
        "model": "warehouse.brand",
        "pk": 5,
        "fields": {
            "name": "acer"
        }
    },
    {
        "model": "warehouse.brand",
        "pk": 6,
        "fields": {
            "name": "asus"
        }
    },
    {
        "model": "warehouse.brand",
        "pk": 7,
        "fields": {
            "name": "razer"
        }
    },
    {
        "model": "warehouse.brand",
        "pk": 8,
        "fields": {
            "name": "intel"
        }
    },
    {
        "model": "warehouse.brand",
        "pk": 9,
        "fields": {
            "name": "samsung"
        }
    },
    {
        "model": "warehouse.brand",
        "pk": 10,
        "fields": {
            "name": "huawei"
        }
    },
    {
        "model": "warehouse.brand",
        "pk": 11,
        "fields": {
            "name": "sony"
        }
    },
    {
        "model": "warehouse.brand",
        "pk": 12,
        "fields": {
            "name": "microsoft"
        }
    },
    {
        "model": "warehouse.brand",
        "pk": 13,
        "fields": {
            "name": "adobe"
        }
    },
    {
        "model": "warehouse.brand",
        "pk": 14,
        "fields": {
            "name": "nvidia"
        }
    },
    {
        "model": "warehouse.brand",
        "pk": 15,
        "fields": {
            "name": "cisco"
        }
    },
    {
        "model": "warehouse.brand",
        "pk": 16,
        "fields": {
            "name": "logitech"
        }
    },
    {
        "model": "warehouse.category",
        "pk": 1,
        "fields": {
            "name": "laptop"
        }
    },
    {
        "model": "warehouse.category",
        "pk": 2,
        "fields": {
            "name": "desktop pc"
        }
    },
    {
        "model": "warehouse.category",
        "pk": 3,
        "fields": {
            "name": "monitor"
        }
    },
    {
        "model": "warehouse.category",
        "pk": 4,
        "fields": {
            "name": "acessories"
        }
    },
    {
        "model": "warehouse.category",
        "pk": 5,
        "fields": {
            "name": "printer"
        }
    },
    {
        "model": "warehouse.category",
        "pk": 6,
        "fields": {
            "name": "software"
        }
    },
    {
        "model": "warehouse.category",
        "pk": 7,
        "fields": {
            "name": "graphics card"
        }
    },
    {
        "model": "warehouse.category",
        "pk": 8,
        "fields": {
            "name": "power supply"
        }
    },
    {
        "model": "warehouse.category",
        "pk": 9,
        "fields": {
            "name": "processor"
        }
    },
    {
        "model": "warehouse.category",
        "pk": 10,
        "fields": {
            "name": "storage device"
        }
    },
    {
        "model": "warehouse.category",
        "pk": 11,
        "fields": {
            "name": "phone"
        }
    },
    {
        "model": "warehouse.warehouse",
        "pk": 1,
        "fields": {
            "name": "lathar",
            "latitude": "0.000007",
            "longitude": "0.000021"
        }
    },
    {
        "model": "warehouse.inventorylist",
        "pk": 1,
        "fields": {
            "product": 1,
            "warehouse": 1,
            "quantity": 7,
            "zone": "default_zone"
        }
    },
    {
        "model": "warehouse.inventorylist",
        "pk": 2,
        "fields": {
            "product": 2,
            "warehouse": 1,
            "quantity": 9,
            "zone": "default_zone"
        }
    },
    {
        "model": "warehouse.inventorylist",
        "pk": 3,
        "fields": {
            "product": 5,
            "warehouse": 1,
            "quantity": 7,
            "zone": "default_zone"
        }
    },
    {
        "model": "warehouse.inventorylist",
        "pk": 4,
        "fields": {
            "product": 10,
            "warehouse": 1,
            "quantity": 1,
            "zone": "default_zone"
        }
    },
    {
        "model": "warehouse.inventorylist",
        "pk": 5,
        "fields": {
            "product": 13,
            "warehouse": 1,
            "quantity": 7,
            "zone": "default_zone"
        }
    },
    {
        "model": "warehouse.product",
        "pk": 1,
        "fields": {
            "name": "m2 air",
            "category": 1,
            "brand": 1,
            "description": "A sleek, ultra-light Apple laptop with M2 chip for powerful performance."
        }
    },
    {
        "model": "warehouse.product",
        "pk": 2,
        "fields": {
            "name": "Dell XPS 13",
            "category": 1,
            "brand": 2,
            "description": "A premium ultrabook with a stunning display and compact design."
        }
    },
    {
        "model": "warehouse.product",
        "pk": 3,
        "fields": {
            "name": "Lenovo ideaPad 5",
            "category": 1,
            "brand": 3,
            "description": "A reliable mid-range laptop with solid performance for everyday tasks."
        }
    },
    {
        "model": "warehouse.product",
        "pk": 4,
        "fields": {
            "name": "Intel Core i7",
            "category": 9,
            "brand": 8,
            "description": "A high-performance processor for gaming, content creation, and multitasking."
        }
    },
    {
        "model": "warehouse.product",
        "pk": 5,
        "fields": {
            "name": "Epson Eco Tank",
            "category": 5,
            "brand": 11,
            "description": "A cost-efficient printer with refillable ink tanks for high-volume printing."
        }
    },
    {
        "model": "warehouse.product",
        "pk": 6,
        "fields": {
            "name": "Dell Ultrasharp webcam",
            "category": 4,
            "brand": 2,
            "description": "A high-quality webcam with sharp video clarity for professional use."
        }
    },
    {
        "model": "warehouse.product",
        "pk": 7,
        "fields": {
            "name": "View Sonic",
            "category": 3,
            "brand": 5,
            "description": "A reliable display with vibrant visuals for work and entertainment."
        }
    },
    {
        "model": "warehouse.product",
        "pk": 8,
        "fields": {
            "name": "Hyper X headset",
            "category": 4,
            "brand": 11,
            "description": "A premium Sony headset delivering immersive audio and comfort."
        }
    },
    {
        "model": "warehouse.product",
        "pk": 9,
        "fields": {
            "name": "Logitech Keyboard",
            "category": 4,
            "brand": 16,
            "description": "A durable and ergonomic keyboard for seamless typing."
        }
    },
    {
        "model": "warehouse.product",
        "pk": 10,
        "fields": {
            "name": "HP omen",
            "category": 2,
            "brand": 4,
            "description": "A high-performance gaming PC built for speed and power."
        }
    },
    {
        "model": "warehouse.product",
        "pk": 11,
        "fields": {
            "name": "Samsung Smart monitor",
            "category": 3,
            "brand": 9,
            "description": "A versatile display with built-in apps for productivity and streaming."
        }
    },
    {
        "model": "warehouse.product",
        "pk": 12,
        "fields": {
            "name": "Apple MacBook",
            "category": 1,
            "brand": 1,
            "description": "A powerful Apple laptop with sleek design and smooth performance."
        }
    },
    {
        "model": "warehouse.product",
        "pk": 13,
        "fields": {
            "name": "Iph 15",
            "category": 11,
            "brand": 1,
            "description": "Apple’s latest smartphone with cutting-edge technology and features."
        }
    },
    {
        "model": "warehouse.product",
        "pk": 14,
        "fields": {
            "name": "Dell Charger",
            "category": 4,
            "brand": 2,
            "description": "A reliable power adapter for Dell laptops, ensuring uninterrupted work."
        }
    },
    {
        "model": "warehouse.inbound",
        "pk": 2,
        "fields": {
            "product": 2,
            "warehouse": 1,
            "quantity": 12,
            "status": "approved",
            "created_by": 14,
            "resolved_by": null,
            "created_at": "2025-02-14T15:22:07.608Z",
            "updated_at": "2025-02-14T15:23:31.183Z"
        }
    },
    {
        "model": "warehouse.inbound",
        "pk": 3,
        "fields": {
            "product": 5,
            "warehouse": 1,
            "quantity": 13,
            "status": "approved",
            "created_by": 14,
            "resolved_by": null,
            "created_at": "2025-02-14T15:22:16.749Z",
            "updated_at": "2025-02-14T15:23:34.690Z"
        }
    },
    {
        "model": "warehouse.inbound",
        "pk": 4,
        "fields": {
            "product": 10,
            "warehouse": 1,
            "quantity": 1,
            "status": "approved",
            "created_by": 14,
            "resolved_by": null,
            "created_at": "2025-02-14T15:22:23.501Z",
            "updated_at": "2025-02-14T15:23:38.352Z"
        }
    },
    {
        "model": "warehouse.inbound",
        "pk": 5,
        "fields": {
            "product": 13,
            "warehouse": 1,
            "quantity": 11,
            "status": "approved",
            "created_by": 14,
            "resolved_by": null,
            "created_at": "2025-02-14T15:22:33.538Z",
            "updated_at": "2025-02-14T15:23:42.397Z"
        }
    },
    {
        "model": "warehouse.inbound",
        "pk": 6,
        "fields": {
            "product": 9,
            "warehouse": 1,
            "quantity": 5,
            "status": "pending",
            "created_by": 14,
            "resolved_by": null,
            "created_at": "2025-02-14T15:22:53.017Z",
            "updated_at": "2025-02-14T15:22:53.017Z"
        }
    },
    {
        "model": "warehouse.inbound",
        "pk": 7,
        "fields": {
            "product": 11,
            "warehouse": 1,
            "quantity": 3,
            "status": "pending",
            "created_by": 14,
            "resolved_by": null,
            "created_at": "2025-02-14T15:23:07.027Z",
            "updated_at": "2025-02-14T15:23:07.027Z"
        }
    },
    {
        "model": "warehouse.inbound",
        "pk": 8,
        "fields": {
            "product": 12,
            "warehouse": 1,
            "quantity": 8,
            "status": "pending",
            "created_by": 14,
            "resolved_by": null,
            "created_at": "2025-02-14T15:23:13.815Z",
            "updated_at": "2025-02-14T15:23:13.815Z"
        }
    },
    {
        "model": "warehouse.outbound",
        "pk": 1,
        "fields": {
            "product": 1,
            "warehouse": 1,
            "quantity": 3,
            "reason": "SALE",
            "timestamp": "2025-02-14T15:24:28Z",
            "employee": 14
        }
    },
    {
        "model": "warehouse.outbound",
        "pk": 2,
        "fields": {
            "product": 13,
            "warehouse": 1,
            "quantity": 4,
            "reason": "DAMAGED",
            "timestamp": "2025-02-14T15:25:56Z",
            "employee": 14
        }
    },
    {
        "model": "warehouse.outbound",
        "pk": 3,
        "fields": {
            "product": 2,
            "warehouse": 1,
            "quantity": 3,
            "reason": "RETURN",
            "timestamp": "2025-02-14T15:29:16Z",
            "employee": 14
        }
    },
    {
        "model": "warehouse.outbound",
        "pk": 4,
        "fields": {
            "product": 5,
            "warehouse": 1,
            "quantity": 6,
            "reason": "SALE",
            "timestamp": "2025-02-14T15:30:16Z",
            "employee": 14
        }
    }
    ]
    